{
  "tripTitle": "Ladakh Trip (Aug 22\u201328, 2025)",
  "timezone": "Asia/Kolkata",
  "notes": "Dates and properties parsed from your emails. Edit directly in the page if anything looks off.",
  "flights": [
    {
      "when_local": "2025-08-23T09:30:00+05:30",
      "from": {
        "code": "DEL",
        "city": "New Delhi",
        "name": "Indira Gandhi Intl (T1)"
      },
      "to": {
        "code": "IXL",
        "city": "Leh",
        "name": "Kushok Bakula Rimpoche"
      },
      "airline": "IndiGo",
      "flight_no": "6E 2049",
      "arrive_local": "2025-08-23T10:50:00+05:30",
      "pnr": "Y21LUY"
    },
    {
      "when_local": "2025-08-28T09:45:00+05:30",
      "from": {
        "code": "IXL",
        "city": "Leh",
        "name": "Kushok Bakula Rimpoche"
      },
      "to": {
        "code": "DEL",
        "city": "New Delhi",
        "name": "Indira Gandhi Intl"
      },
      "airline": "Air India",
      "flight_no": "AI 2453",
      "arrive_local": "2025-08-28T11:20:00+05:30",
      "pnr": "7UUWKO"
    }
  ],
  "stays": [
    {
      "property": "Colonel's Retreat (Delhi)",
      "check_in": "2025-08-22",
      "check_out": "2025-08-23",
      "address": "New Delhi, India",
      "coords": {
        "lat": 28.567,
        "lng": 77.241
      },
      "altitude_m": 216,
      "source": "GuestReservations email"
    },
    {
      "property": "Shey Bhumi Resort",
      "check_in": "2025-08-23",
      "check_out": "2025-08-24",
      "address": "Chuchot Gongma, Leh, Ladakh 194101",
      "coords": {
        "lat": 34.04959,
        "lng": 77.64742
      },
      "altitude_m": 3480,
      "source": "Goibibo voucher"
    },
    {
      "property": "Ule Ethnic Resort",
      "check_in": "2025-08-24",
      "check_out": "2025-08-25",
      "address": "Uleytokpo, Khalsi, Ladakh 194101",
      "coords": null,
      "altitude_m": 3040,
      "source": "MakeMyTrip voucher"
    },
    {
      "property": "Organic Village Retreat (Nubra)",
      "check_in": "2025-08-25",
      "check_out": "2025-08-26",
      "address": "Nubra Valley 194401, Ladakh",
      "coords": null,
      "altitude_m": 3100,
      "source": "Hotel email confirmation"
    },
    {
      "property": "Misty Hills Cabins (Pangong, Spangmik)",
      "check_in": "2025-08-26",
      "check_out": "2025-08-27",
      "address": "Spangmik, Pangong Lake, Ladakh 194101",
      "coords": null,
      "altitude_m": 4250,
      "source": "MakeMyTrip voucher"
    },
    {
      "property": "The Indus River Camp (Chuchot)",
      "check_in": "2025-08-27",
      "check_out": "2025-08-28",
      "address": "Chuchot Village Opposite Choglam Sar, Leh 194101",
      "coords": null,
      "altitude_m": 3340,
      "source": "Booking.com confirmation"
    }
  ],
  "budget": {
    "currency": "INR",
    "items": [
      {
        "label": "Flights (DEL\u2194IXL)",
        "amount": null,
        "status": "paid"
      },
      {
        "label": "Shey Bhumi Resort (1N)",
        "amount": null,
        "status": "paid"
      },
      {
        "label": "Ule Ethnic (1N)",
        "amount": null,
        "status": "due"
      },
      {
        "label": "Organic Village Retreat (1N)",
        "amount": null,
        "status": "due"
      },
      {
        "label": "Misty Hills Cabins (1N)",
        "amount": null,
        "status": "nonrefundable"
      },
      {
        "label": "Indus River Camp (1N)",
        "amount": null,
        "status": "prepaid"
      },
      {
        "label": "Taxi/Driver (5 days)",
        "amount": null,
        "status": "estimate"
      }
    ]
  }
}